ticker,tz,n_days,median_rel_err_bp,match_rate,boundary_earliest,boundary_latest,last_bar_end_mode,configured_close,configured_ok,hourly_from
^N225,Asia/Tokyo,726,2.88,0.4532,16:00,09:30 (+1d),16:00,16:00,True,2023-10-12
NIY=F,America/Chicago,601,5.66,0.2779,15:00,15:30,15:00,16:00,True,2024-05-16
NKD=F,America/Chicago,601,1.26,0.7105,15:00,15:30,15:00,16:00,True,2024-05-16
6J=F,America/Chicago,602,29.46,0.0897,13:00,18:30,13:00,16:00,True,2024-05-16
JPY=X,Europe/London,720,1.53,0.5861,01:00,01:30,01:00,00:00 (+1d),True,2023-12-25
^GSPC,America/New_York,728,1.05,0.7967,16:30,10:00 (+1d),16:30,17:15,True,2023-11-09
^IXIC,America/New_York,728,1.25,0.7335,16:30,10:00 (+1d),16:30,17:15,True,2023-11-09
^DJI,America/New_York,728,1.06,0.7747,16:30,10:00 (+1d),16:30,17:15,True,2023-11-09
^SOX,America/New_York,728,1.38,0.6607,16:30,10:00 (+1d),16:30,17:15,True,2023-11-09
^TNX,America/New_York,600,0.0,0.9917,15:30,09:00 (+1d),15:20,17:15,True,2024-05-15
^VIX,America/New_York,700,4.94,0.4543,17:00,03:30 (+1d),17:00,17:15,True,2023-12-22
^GDAXI,Europe/Berlin,727,4.95,0.2118,18:00,09:30 (+1d),18:00,22:30,True,2023-11-22
^STOXX50E,Europe/Berlin,727,5.09,0.249,18:00,09:30 (+1d),18:00,22:30,True,2023-11-07
CL=F,America/Chicago,602,16.95,0.0631,14:00,14:30,14:00,16:00,True,2024-05-16
GC=F,America/Chicago,602,7.85,0.1495,13:00,13:30,13:00,16:00,True,2024-05-16
TM,America/New_York,728,2.38,0.4327,16:30,10:00 (+1d),16:30,17:15,True,2023-11-09
7203.T,Asia/Tokyo,725,7.05,0.4028,16:00,09:30 (+1d),16:00,16:00,True,2023-10-12
SONY,America/New_York,728,2.14,0.456,16:30,10:00 (+1d),16:30,17:15,True,2023-11-09
6758.T,Asia/Tokyo,725,8.77,0.389,16:00,09:30 (+1d),16:00,16:00,True,2023-10-12
MUFG,America/New_York,728,4.35,0.283,16:30,10:00 (+1d),16:30,17:15,True,2023-11-09
8306.T,Asia/Tokyo,725,6.41,0.4083,16:00,09:30 (+1d),16:00,16:00,True,2023-10-12
