ticker,start,end,rows,missing_days,missing_by_year,extra_days_on_tse_holidays,zero_volume_days,flat_ohlc_days,stale_days,outlier_days,max_abs_logret,synth_rows
^N225,2010-01-04,2026-10-08,4099,0,{},0,12,1,1,16,0.1323,1
NIY=F,2010-01-04,2026-10-08,4210,12,"{2011: 1, 2012: 8, 2016: 2, 2018: 1}",0,2499,2590,62,8,0.1163,0
NKD=F,2010-01-04,2026-10-08,4218,5,"{2012: 2, 2016: 2, 2018: 1}",0,14,0,40,9,0.1161,0
6J=F,2010-01-04,2026-10-08,4218,5,"{2012: 2, 2016: 2, 2018: 1}",0,9,6,46,14,0.0519,0
JPY=X,2010-01-01,2026-10-08,4365,10,"{2011: 1, 2013: 1, 2017: 2, 2019: 1, 2025: 4, 2026: 1}",0,4365,2,10,9,0.038,0
^GSPC,2010-01-04,2026-10-08,4217,4,"{2012: 2, 2018: 1, 2025: 1}",0,1,0,1,14,0.1277,0
^IXIC,2010-01-04,2026-10-08,4217,4,"{2012: 2, 2018: 1, 2025: 1}",0,0,0,1,9,0.1315,0
^DJI,2010-01-04,2026-10-08,4217,4,"{2012: 2, 2018: 1, 2025: 1}",0,0,0,3,18,0.1384,0
^SOX,2010-01-04,2026-10-08,4217,4,"{2012: 2, 2018: 1, 2025: 1}",0,4217,1,2,17,0.1731,0
^TNX,2010-01-04,2026-10-08,4215,6,"{2010: 1, 2012: 2, 2016: 1, 2018: 1, 2025: 1}",0,4215,28,71,51,0.4048,0
^VIX,2010-01-04,2026-10-08,4219,4,"{2012: 2, 2018: 1, 2025: 1}",0,4219,0,19,916,0.7682,0
^GDAXI,2010-01-04,2026-10-08,4256,118,"{2010: 4, 2011: 4, 2012: 8, 2013: 9, 2014: 9, 2015: 8, 2016: 6, 2017: 8, 2018: 10, 2019: 10, 2020: 8, 2021: 6, 2022: 3, 2023: 5, 2024: 8, 2025: 8, 2026: 4}",0,14,0,0,6,0.1305,1
^STOXX50E,2010-01-04,2026-10-08,4206,168,"{2010: 6, 2011: 9, 2012: 12, 2013: 13, 2014: 14, 2015: 11, 2016: 7, 2017: 9, 2018: 12, 2019: 12, 2020: 10, 2021: 7, 2022: 6, 2023: 9, 2024: 12, 2025: 12, 2026: 7}",0,912,3,0,10,0.1324,1
CL=F,2010-01-04,2026-10-08,4217,5,"{2012: 2, 2016: 2, 2018: 1}",0,7,0,14,59,0.3196,0
GC=F,2010-01-04,2026-10-08,4217,6,"{2012: 2, 2016: 2, 2018: 2}",0,40,142,17,10,0.1141,0
TM,2010-01-04,2026-10-08,4217,4,"{2012: 2, 2018: 1, 2025: 1}",0,0,0,16,9,0.1279,1
7203.T,2010-01-04,2026-10-08,4120,0,{},21,24,27,79,12,0.1468,0
SONY,2010-01-04,2026-10-08,4217,4,"{2012: 2, 2018: 1, 2025: 1}",0,0,0,23,18,0.1629,1
6758.T,2010-01-04,2026-10-08,4120,0,{},21,24,26,57,35,0.1368,0
MUFG,2010-01-04,2026-10-08,4217,4,"{2012: 2, 2018: 1, 2025: 1}",0,0,0,210,11,0.1236,1
8306.T,2010-01-04,2026-10-08,4120,0,{},21,24,25,113,18,0.1965,0
