,mean_abs_shap_bp
niy_gap,6.928682429856968
niy_nkd_diff,3.7662259495893906
n225_ma20dev,1.513801773424147
adr_toyota_z,1.3290943939984143
adr_mean_z,1.219454097239088
n225_oc,0.9970790856257005
exdiv_before_major_sq,0.946836858333803
n225_rsi14,0.8105170135723296
beta_spx,0.8025705580242048
adr_sony_z,0.7416432392890756
days_to_major_sq,0.5470425668243953
days_to_sq,0.5351910258539202
nkd_pos,0.5149432627476883
dax_r1,0.5065040961095686
niy_r5,0.49018014113572117
basis_ma20,0.4403857016642103
vix_chg1,0.4186427333991419
sx5e_r5,0.3939050142877594
adr_mufg_z,0.39328675393536283
usdjpy_r5,0.37497575884842255
nkd_gap,0.36980489942781597
gold_r5,0.36649054388135727
niy_r1,0.35980704767552435
n225_rng,0.3387407758131877
sox_minus_ixic_r5,0.33838631335204883
n225_rv5,0.32902452385981384
tnx_d5,0.32447476274451503
n225_ma60dev,0.31749543560858806
sox_minus_ixic_r1,0.3131386256275425
wti_r1,0.2904396702038391
dji_r1,0.253650589092982
sox_r20,0.24730338970797783
n225_rv20,0.24332333318948432
tnx_d1,0.23313972677854836
ixic_r5,0.21152872103716197
dji_r20,0.2050094957279885
beta_spx_x_ret,0.20298604075675242
jpyfut_usdjpy_r1,0.20096055984061706
dax_r5,0.18466028282476113
nkd_r1,0.18042097010253233
dji_r5,0.14266578128376287
spx_r5,0.13945900791988575
nkd_rng,0.13722374972382084
sox_r5,0.13043651506678217
sox_r1,0.1142928146734957
vix_chg5,0.11121915301375095
sx5e_r1,0.10819517841903245
usdjpy_r1,0.10353641939236186
t2_lag1,0.10034803215428771
jpyfut_usdjpy_r5,0.09571932146997009
n225_r1,0.09397991281044295
beta_sox,0.08095160499453988
spx_r20,0.07939929531146246
wti_r5,0.06673335181937314
beta_sox_x_ret,0.06486443278101972
month_start,0.0647074960258092
gold_r1,0.05749651529424369
vix_lvl,0.05149658842660281
ixic_r1,0.05120130488896345
ixic_r20,0.04980701779430734
dow,0.03858540926064068
month,0.03340019538470244
month_end,0.024501886697282232
niy_flat,0.0
spx_r1,0.0
niy_stale_days,0.0
gap_days,0.0
sq_flag,0.0
major_sq_flag,0.0
roll_flag,0.0
exdiv_flag,0.0
us_holiday_prev,0.0
us_gap_days,0.0
